Title,Price
Soumission,£50.10
Private Paris (Private #10),£47.61
"We Love You, Charlie Freeman",£50.27
Thirst,£17.27
The Murder That Never Was (Forensic Instincts #5),£54.11
Tuesday Nights in 1980,£21.04
The Vacationers,£42.15
The Regional Office Is Under Attack!,£51.36
Finders Keepers (Bill Hodges Trilogy #2),£53.53
The Time Keeper,£27.88
The Testament of Mary,£52.67
The First Hostage (J.B. Collins #2),£25.85
Take Me with You,£45.21
Still Life with Bread Crumbs,£26.41
Shtum,£55.84
My Name Is Lucy Barton,£41.56
My Mrs. Brown,£24.48
Mr. Mercedes (Bill Hodges Trilogy #1),£28.90
I Am Pilgrim (Pilgrim #1),£10.60
Eligible (The Austen Project #4),£27.09
